{"i":1000,"val_loss_history":[1.8381816284223],"val_loss_history_it":[1000],"forward_backward_times":{},"opt":{"max_epochs":50,"checkpoint_every":1000,"batch_size":50,"memory_benchmark":0,"init_from":"","grad_clip":5,"model_type":"lstm","lr_decay_every":5,"print_every":1,"wordvec_size":64,"seq_length":50,"input_json":"data\/tiny-shakespeare.json","num_layers":2,"input_h5":"data\/tiny-shakespeare.h5","reset_iterations":1,"rnn_size":128,"dropout":0.35,"checkpoint_name":"cv\/checkpoint","batchnorm":0,"learning_rate":0.0015,"speed_benchmark":0,"gpu_backend":"cuda","lr_decay_factor":0.5,"gpu":-1},"train_loss_history":[4.1812343597412,4.1256561279297,4.0446691513062,3.9451289176941,3.8034956455231,3.6924293041229,3.577917098999,3.5314874649048,3.4647815227509,3.4624383449554,3.4477648735046,3.3812570571899,3.4406335353851,3.3670210838318,3.3714199066162,3.3516891002655,3.3338565826416,3.3534727096558,3.3087768554688,3.340852022171,3.3328268527985,3.3808746337891,3.3482344150543,3.3443398475647,3.3821065425873,3.3064594268799,3.3491995334625,3.3204998970032,3.270085811615,3.3161964416504,3.2584035396576,3.2834174633026,3.2108526229858,3.2619948387146,3.2127265930176,3.2787714004517,3.2509949207306,3.2598519325256,3.1980125904083,3.1595304012299,3.139554977417,3.1452126502991,3.183012008667,3.1537473201752,3.1786143779755,3.1408388614655,3.1055536270142,3.1160733699799,3.1365258693695,3.0808305740356,3.0376787185669,3.0393071174622,3.0648128986359,3.045220375061,2.9548647403717,2.9816780090332,2.9650297164917,2.9869675636292,2.9861888885498,2.9265451431274,2.9519264698029,2.914879322052,2.909120798111,2.9060773849487,2.8640358448029,2.9010152816772,2.8836216926575,2.9008922576904,2.8520255088806,2.8863618373871,2.8854691982269,2.7876343727112,2.790843963623,2.8058624267578,2.7738499641418,2.7415060997009,2.7931571006775,2.7349665164948,2.8033759593964,2.7458145618439,2.735874414444,2.7468168735504,2.6985318660736,2.7020995616913,2.739777803421,2.7417073249817,2.6742296218872,2.7374625205994,2.6713123321533,2.6693661212921,2.6540031433105,2.6634631156921,2.6209363937378,2.6277682781219,2.6460039615631,2.6526801586151,2.6644649505615,2.5809206962585,2.588723897934,2.6104831695557,2.6015033721924,2.5731606483459,2.5574178695679,2.6023361682892,2.5389924049377,2.5972204208374,2.5995693206787,2.5099232196808,2.5033280849457,2.5324378013611,2.5380895137787,2.597624540329,2.5876181125641,2.5118327140808,2.5622889995575,2.5025427341461,2.604318857193,2.4968912601471,2.4896547794342,2.4964573383331,2.500922203064,2.4915723800659,2.4915087223053,2.5235476493835,2.5254464149475,2.4915895462036,2.4913358688354,2.4831871986389,2.470819234848,2.4687066078186,2.4857823848724,2.4638402462006,2.4721014499664,2.4486398696899,2.4491999149323,2.4736421108246,2.4784190654755,2.4454047679901,2.4670212268829,2.4347512722015,2.4755539894104,2.472993850708,2.5265655517578,2.4820022583008,2.4112727642059,2.4679570198059,2.4178967475891,2.4426062107086,2.4632205963135,2.4407367706299,2.4322352409363,2.4382886886597,2.4276773929596,2.4432570934296,2.4200875759125,2.4325561523438,2.4032819271088,2.4045157432556,2.4341924190521,2.4531588554382,2.4353969097137,2.4421260356903,2.4116880893707,2.4163386821747,2.3737473487854,2.3951463699341,2.3648335933685,2.4003069400787,2.3881719112396,2.3744509220123,2.3981873989105,2.3656718730927,2.41765666008,2.4053711891174,2.4242503643036,2.4107758998871,2.4037482738495,2.3695120811462,2.4152750968933,2.3696217536926,2.3749825954437,2.3866484165192,2.3528456687927,2.3762991428375,2.3281986713409,2.327410697937,2.3394796848297,2.3724184036255,2.3418946266174,2.365460395813,2.3776409626007,2.3532202243805,2.3987145423889,2.3067815303802,2.345632314682,2.3360328674316,2.3443353176117,2.3405227661133,2.2809944152832,2.3481960296631,2.3118069171906,2.3013072013855,2.2931311130524,2.3972547054291,2.3073198795319,2.3754720687866,2.3912250995636,2.3040719032288,2.3242800235748,2.321751832962,2.3403930664062,2.3057026863098,2.290917634964,2.3058180809021,2.3363196849823,2.3589789867401,2.3186872005463,2.3254289627075,2.3775737285614,2.3856573104858,2.3250133991241,2.2615752220154,2.3128008842468,2.2965731620789,2.3169405460358,2.3108112812042,2.3670899868011,2.3186631202698,2.2914624214172,2.3091251850128,2.2973840236664,2.3090107440948,2.2738885879517,2.2986233234406,2.2876307964325,2.2863216400146,2.2823812961578,2.2687668800354,2.2606534957886,2.3109903335571,2.2736086845398,2.2757630348206,2.2716052532196,2.2439713478088,2.319694519043,2.2711796760559,2.2922859191895,2.2722043991089,2.299637556076,2.2904872894287,2.3430161476135,2.3146317005157,2.2956507205963,2.2754929065704,2.2983458042145,2.3026683330536,2.2661938667297,2.2864985466003,2.2657041549683,2.2615003585815,2.286936044693,2.2781841754913,2.295304775238,2.2203376293182,2.2622244358063,2.2584719657898,2.2609243392944,2.2865405082703,2.2641131877899,2.2761535644531,2.2610244750977,2.2671637535095,2.2915952205658,2.2559196949005,2.2915735244751,2.2786962985992,2.2698400020599,2.2713606357574,2.2390401363373,2.242523431778,2.2376720905304,2.2335708141327,2.2263607978821,2.2502293586731,2.2180786132812,2.2315974235535,2.2393753528595,2.2355642318726,2.2291221618652,2.2484362125397,2.2382493019104,2.2201681137085,2.1919662952423,2.2418060302734,2.243599653244,2.2019393444061,2.2251195907593,2.2009279727936,2.2857525348663,2.2272243499756,2.2438926696777,2.2490847110748,2.2070889472961,2.2217555046082,2.2803497314453,2.2347826957703,2.2686176300049,2.2676813602448,2.216694355011,2.2021198272705,2.2323403358459,2.2210464477539,2.2130002975464,2.2131326198578,2.1904528141022,2.1808435916901,2.2224717140198,2.2097721099854,2.2191989421844,2.2363708019257,2.2047803401947,2.2467978000641,2.2201871871948,2.183093547821,2.212171792984,2.2480781078339,2.2144019603729,2.2054221630096,2.2032246589661,2.1842813491821,2.2563753128052,2.1940004825592,2.2411260604858,2.232447385788,2.1857454776764,2.2085645198822,2.1683633327484,2.2241680622101,2.1799936294556,2.1928346157074,2.2070260047913,2.1901078224182,2.1730194091797,2.2443156242371,2.1659073829651,2.2726902961731,2.1695528030396,2.1819167137146,2.224449634552,2.1738631725311,2.157534122467,2.1737458705902,2.167028427124,2.2040576934814,2.175201177597,2.2583703994751,2.2668766975403,2.1553146839142,2.1525492668152,2.1508779525757,2.1890540122986,2.1760020256042,2.1935029029846,2.1561517715454,2.1914954185486,2.1992695331573,2.1561815738678,2.1341753005981,2.1576793193817,2.1567120552063,2.2152879238129,2.2172400951385,2.1582205295563,2.1619489192963,2.1612231731415,2.1483201980591,2.1230812072754,2.1523928642273,2.1309423446655,2.1260461807251,2.1921246051788,2.1332979202271,2.1355285644531,2.1332731246948,2.135470867157,2.1537086963654,2.1355628967285,2.1586961746216,2.1264011859894,2.1522912979126,2.0931150913239,2.1580471992493,2.1882307529449,2.1712729930878,2.142436504364,2.1109535694122,2.146235704422,2.0628430843353,2.100888967514,2.0980298519135,2.1103601455688,2.1629731655121,2.1459064483643,2.1667683124542,2.1263728141785,2.1050357818604,2.1067674160004,2.121821641922,2.1028161048889,2.1004269123077,2.0927052497864,2.0957100391388,2.1003484725952,2.1352787017822,2.1190803050995,2.1728389263153,2.1669251918793,2.1044485569,2.1262421607971,2.1578443050385,2.1059725284576,2.1177761554718,2.1017863750458,2.1166479587555,2.1575906276703,2.1680665016174,2.1721541881561,2.1683158874512,2.1091556549072,2.1188070774078,2.1432025432587,2.1301090717316,2.1210799217224,2.0833718776703,2.1544873714447,2.1238758563995,2.1631772518158,2.1320307254791,2.1705501079559,2.1228110790253,2.1387987136841,2.1346895694733,2.07785987854,2.1160066127777,2.1095321178436,2.1003980636597,2.0921237468719,2.1024334430695,2.0726809501648,2.0928664207458,2.117466211319,2.1193523406982,2.1037752628326,2.0388898849487,2.0702149868011,2.1258008480072,2.1007409095764,2.0873510837555,2.0531466007233,2.068074464798,2.0861959457397,2.1178889274597,2.1051464080811,2.0537753105164,