{"i":1000,"val_loss_history":[0.83516148395009],"val_loss_history_it":[1000],"forward_backward_times":{},"opt":{"max_epochs":50,"checkpoint_every":1000,"batch_size":50,"memory_benchmark":0,"init_from":"","grad_clip":5,"model_type":"lstm","lr_decay_every":5,"print_every":1,"wordvec_size":64,"seq_length":50,"input_json":"data\/music-dataset.json","num_layers":2,"input_h5":"data\/music-dataset.h5","reset_iterations":1,"rnn_size":256,"dropout":0.35,"checkpoint_name":"cv\/checkpoint","batchnorm":0,"learning_rate":0.0015,"speed_benchmark":0,"gpu_backend":"cuda","lr_decay_factor":0.5,"gpu":-1},"train_loss_history":[4.5659255981445,4.3888239860535,4.1249966621399,3.8258726596832,3.6091296672821,3.5796155929565,3.6400218009949,3.4848895072937,3.4114663600922,3.3927090167999,3.2974879741669,3.2106363773346,3.2446823120117,3.2575581073761,3.2378356456757,3.3031649589539,3.2521834373474,3.2178831100464,3.1897461414337,3.231151342392,3.2484502792358,3.2922625541687,3.1772792339325,3.1900503635406,3.162299156189,3.0695884227753,3.0160279273987,3.0663917064667,3.0405626296997,2.9597668647766,2.976410150528,2.9712696075439,2.9102013111115,2.9323453903198,2.909229516983,2.7783846855164,2.7198660373688,2.7414827346802,2.8041241168976,2.697037935257,2.7565274238586,2.6962847709656,2.6171789169312,2.5417528152466,2.6192150115967,2.5872247219086,2.5349130630493,2.5937495231628,2.5640494823456,2.4292552471161,2.4914145469666,2.5792639255524,2.5741057395935,2.4509890079498,2.4326975345612,2.3360710144043,2.1899909973145,2.2379238605499,2.2521200180054,2.3452677726746,2.3267385959625,2.2775228023529,2.161979675293,2.1315515041351,2.0279099941254,2.0749711990356,2.0622835159302,2.0590558052063,2.1118304729462,1.9698443412781,2.0553896427155,2.0753874778748,2.0386171340942,1.9407432079315,1.9270194768906,2.0229127407074,1.9228976964951,1.9354976415634,2.053503036499,1.9855755567551,2.0257585048676,2.0839414596558,2.0016403198242,2.0054030418396,2.0087430477142,1.9114056825638,1.922016620636,1.7950195074081,1.8963689804077,1.8276520967484,1.8264847993851,1.968772649765,1.8604770898819,1.8551437854767,1.7368711233139,1.770347237587,1.8052935600281,1.7497454881668,1.8509734869003,1.7669097185135,1.7777112722397,1.7141300439835,1.7265924215317,1.6758913993835,1.6342203617096,1.6676309108734,1.647919178009,1.6713275909424,1.730465054512,1.6292427778244,1.6840074062347,1.5388547182083,1.5883632898331,1.5864737033844,1.6544150114059,1.578972697258,1.5865881443024,1.5803563594818,1.550013422966,1.6116478443146,1.6232664585114,1.5063393115997,1.6464105844498,1.5652657747269,1.5887347459793,1.586879491806,1.6561062335968,1.6157007217407,1.6173269748688,1.524817109108,1.5918792486191,1.6313781738281,1.6171901226044,1.588273525238,1.533095240593,1.54505443573,1.5473073720932,1.5917330980301,1.5959106683731,1.6517933607101,1.5233751535416,1.5443575382233,1.527037024498,1.5721793174744,1.6912480592728,1.6606515645981,1.5336397886276,1.5567046403885,1.5361465215683,1.6303540468216,1.6742334365845,1.4548207521439,1.5195096731186,1.5356237888336,1.5488563776016,1.5444986820221,1.4587714672089,1.4899175167084,1.4347267150879,1.40063393116,1.4709123373032,1.479127407074,1.453134894371,1.4488155841827,1.4900168180466,1.5245677232742,1.4266338348389,1.5122404098511,1.4793721437454,1.5060999393463,1.4663417339325,1.5144208669662,1.5519835948944,1.5055651664734,1.457512140274,1.4068194627762,1.4750900268555,1.3651773929596,1.3551889657974,1.3855173587799,1.3943921327591,1.4194312095642,1.3794232606888,1.4710741043091,1.4467700719833,1.3459916114807,1.4359900951385,1.4210938215256,1.4584014415741,1.3122843503952,1.3765705823898,1.3800781965256,1.4028247594833,1.3036406040192,1.3147481679916,1.3600299358368,1.3030489683151,1.341504573822,1.3874439001083,1.3821597099304,1.435889005661,1.4154278039932,1.3403017520905,1.3096480369568,1.3434751033783,1.4283527135849,1.3489196300507,1.4336026906967,1.4475450515747,1.3528869152069,1.271793961525,1.3448443412781,1.3881967067719,1.3957967758179,1.3030112981796,1.3291068077087,1.2665827274323,1.2877366542816,1.3145515918732,1.1907361745834,1.308456659317,1.374564409256,1.2915184497833,1.2875174283981,1.3138009309769,1.3578581809998,1.3342084884644,1.3828065395355,1.4338899850845,1.2814161777496,1.4089350700378,1.4012877941132,1.385652422905,1.3954675197601,1.3516136407852,1.2648524045944,1.3432178497314,1.2438677549362,1.3745912313461,1.2776092290878,1.2927657365799,1.3751410245895,1.3950573205948,1.3656117916107,1.2526844739914,1.2844249010086,1.3269181251526,1.3277934789658,1.3570469617844,1.2616127729416,1.3177170753479,1.2756146192551,1.3085597753525,1.2793844938278,1.226930141449,1.2113649845123,1.1999773979187,1.2616648674011,1.3026927709579,1.2145187854767,1.2781476974487,1.2112094163895,1.2158665657043,1.216912984848,1.2541078329086,1.2210515737534,1.2447834014893,1.2562050819397,1.2627280950546,1.2571793794632,1.2174617052078,1.1253944635391,1.2906308174133,1.2049617767334,1.2283532619476,1.2747976779938,1.3549038171768,1.3387546539307,1.2901521921158,1.2011717557907,1.2420698404312,1.2647371292114,1.3421071767807,1.3053159713745,1.24030148983,1.2800757884979,1.2640521526337,1.3061120510101,1.2865296602249,1.386207818985,1.2649267911911,1.302225112915,1.2774914503098,1.318368434906,1.3919552564621,1.3717128038406,1.2725411653519,1.2936559915543,1.3056780099869,1.4143401384354,1.4980428218842,1.2049766778946,1.3002421855927,1.2828172445297,1.31762611866,1.3110376596451,1.2144130468369,1.237529873848,1.184531211853,1.1681061983109,1.2364572286606,1.276836514473,1.2286974191666,1.2184827327728,1.2555739879608,1.2872499227524,1.2091854810715,1.3123263120651,1.2730375528336,1.2764128446579,1.2748073339462,1.2635968923569,1.3369839191437,1.3005108833313,1.2411621809006,1.1746997833252,1.2992483377457,1.1749874353409,1.134614109993,1.1855232715607,1.2050049304962,1.2266421318054,1.1951789855957,1.2976052761078,1.2614878416061,1.1852744817734,1.2596434354782,1.237837433815,1.2578872442245,1.1506371498108,1.2209248542786,1.2004843950272,1.240084528923,1.1423532962799,1.1594741344452,1.1755582094193,1.1330479383469,1.1516698598862,1.2210935354233,1.1912811994553,1.2552589178085,1.2394894361496,1.1462918519974,1.1709432601929,1.1654580831528,1.2531303167343,1.1819022893906,1.2771754264832,1.2774655818939,1.2081110477448,1.1191568374634,1.1991264820099,1.2264294624329,1.233286857605,1.1461679935455,1.2081211805344,1.1104885339737,1.157846570015,1.1431738138199,1.0475178956985,1.1574558019638,1.2262927293777,1.1661174297333,1.1529740095139,1.1789826154709,1.2047829627991,1.1792011260986,1.2426558732986,1.2627810239792,1.1182972192764,1.2524350881577,1.2337437868118,1.2031171321869,1.2754504680634,1.1872496604919,1.1050860881805,1.208575129509,1.1062877178192,1.2086670398712,1.1419620513916,1.1526548862457,1.2113569974899,1.2448080778122,1.2593022584915,1.1316004991531,1.152571439743,1.2025504112244,1.1965881586075,1.2208660840988,1.1263756752014,1.18406021595,1.1679707765579,1.2110123634338,1.1552975177765,1.123326420784,1.0938420295715,1.0669974088669,1.1392185688019,1.1923741102219,1.0611133575439,1.1513620615005,1.0956060886383,1.0968360900879,1.1046966314316,1.1570825576782,1.0798424482346,1.1382554769516,1.1379786729813,1.1346932649612,1.1384518146515,1.0963002443314,0.99502128362656,1.1590768098831,1.0749969482422,1.1005125045776,1.1564034223557,1.2342928647995,1.2049276828766,1.1676888465881,1.097853064537,1.1205239295959,1.1640955209732,1.2376301288605,1.1872471570969,1.1505169868469,1.1605801582336,1.1673090457916,1.1917682886124,1.1597421169281,1.2601823806763,1.1685738563538,1.1969789266586,1.1760269403458,1.2021346092224,1.2769773006439,1.2372533082962,1.1380175352097,1.1945465803146,1.1833564043045,1.3232810497284,1.3942395448685,1.1035039424896,1.1962158679962,1.1921060085297,1.2327171564102,1.2338721752167,1.1123093366623,1.1424149274826,1.110372543335,1.0752004384995,1.1227856874466,1.1780869960785,1.1089984178543,1.1247969865799,