{"i":1000,"val_loss_history":[0.85820073220465],"val_loss_history_it":[1000],"forward_backward_times":{},"opt":{"max_epochs":50,"checkpoint_every":1000,"batch_size":50,"memory_benchmark":0,"init_from":"","grad_clip":5,"model_type":"lstm","lr_decay_every":5,"print_every":1,"wordvec_size":64,"seq_length":50,"input_json":"data\/music-dataset.json","num_layers":2,"input_h5":"data\/music-dataset.h5","reset_iterations":1,"rnn_size":256,"dropout":0.35,"checkpoint_name":"cv\/checkpoint","batchnorm":0,"learning_rate":0.0015,"speed_benchmark":0,"gpu_backend":"cuda","lr_decay_factor":0.5,"gpu":-1},"train_loss_history":[4.5755701065063,4.4220757484436,4.1968946456909,3.874808549881,3.656877040863,3.6027643680573,3.6687562465668,3.5517001152039,3.5186960697174,3.5133547782898,3.3530511856079,3.2799968719482,3.3730621337891,3.3569507598877,3.3455753326416,3.4178676605225,3.3612215518951,3.2958734035492,3.2743828296661,3.2951090335846,3.3523304462433,3.3716237545013,3.2582137584686,3.2687249183655,3.2132647037506,3.1178178787231,3.0532650947571,3.1313536167145,3.103577375412,3.0063443183899,3.0255076885223,3.0367987155914,2.970511674881,2.9711315631866,2.9503104686737,2.8116705417633,2.7253694534302,2.7730588912964,2.8338208198547,2.7486946582794,2.7905812263489,2.7350809574127,2.649674654007,2.5830392837524,2.6590750217438,2.6353886127472,2.5836133956909,2.6271069049835,2.6018810272217,2.4787032604218,2.5416023731232,2.6177423000336,2.6449525356293,2.495395898819,2.5067510604858,2.4031844139099,2.2425124645233,2.2880907058716,2.2961993217468,2.4173557758331,2.4455058574677,2.3609402179718,2.2306399345398,2.1945796012878,2.0952186584473,2.1628561019897,2.1360032558441,2.1300487518311,2.1819531917572,2.0568382740021,2.1295039653778,2.1753542423248,2.1348612308502,2.0281572341919,2.0268666744232,2.1116590499878,2.004909992218,2.0209360122681,2.1658897399902,2.0632886886597,2.1074676513672,2.177206993103,2.1086871623993,2.098573923111,2.1110646724701,2.0198361873627,2.0161757469177,1.893524646759,1.9815607070923,1.9228689670563,1.942786693573,2.0779616832733,1.9723001718521,1.96351146698,1.8418996334076,1.8545873165131,1.8970414400101,1.8473621606827,1.9301859140396,1.896315574646,1.8929572105408,1.8005282878876,1.8023895025253,1.7552689313889,1.7128257751465,1.7486064434052,1.7271994352341,1.7585852146149,1.8294907808304,1.7397038936615,1.7784316539764,1.6428740024567,1.6910181045532,1.6851338148117,1.7407357692719,1.6522742509842,1.6774562597275,1.6675168275833,1.6399056911469,1.6783945560455,1.7202894687653,1.6154210567474,1.7214297056198,1.6475968360901,1.6566413640976,1.6682060956955,1.7325830459595,1.6764863729477,1.7098860740662,1.6172231435776,1.6913017034531,1.7191271781921,1.6690957546234,1.65034532547,1.6112467050552,1.6151461601257,1.6262893676758,1.6694993972778,1.6659767627716,1.6964848041534,1.5720978975296,1.607978105545,1.5883526802063,1.6420476436615,1.7414232492447,1.6976121664047,1.5923240184784,1.6381772756577,1.6053590774536,1.7029579877853,1.7413759231567,1.5225744247437,1.6146498918533,1.6115458011627,1.6128680706024,1.6133533716202,1.5379679203033,1.5651097297668,1.486562371254,1.4743446111679,1.5397481918335,1.5305978059769,1.500529050827,1.5146310329437,1.5363355875015,1.5899741649628,1.5086028575897,1.583355307579,1.5289483070374,1.566948890686,1.5405167341232,1.5805245637894,1.6060534715652,1.5709068775177,1.5172203779221,1.473578453064,1.5502136945724,1.4229145050049,1.4169827699661,1.4457755088806,1.4309151172638,1.4860336780548,1.4258460998535,1.5259792804718,1.5102571249008,1.3953952789307,1.4772948026657,1.4757082462311,1.5025417804718,1.3761491775513,1.4534149169922,1.4308778047562,1.4591888189316,1.3696411848068,1.3784906864166,1.4269661903381,1.3543887138367,1.4020313024521,1.452721118927,1.4289554357529,1.5007160902023,1.4736944437027,1.4032143354416,1.3789529800415,1.4283205270767,1.4801030158997,1.4112224578857,1.495790719986,1.5125811100006,1.4369586706161,1.3395128250122,1.4189697504044,1.451228260994,1.4523912668228,1.3592236042023,1.3806667327881,1.3200353384018,1.3587045669556,1.3658266067505,1.2322067022324,1.3635038137436,1.4372664690018,1.3730891942978,1.3727881908417,1.3633348941803,1.4154052734375,1.3984251022339,1.4461969137192,1.5228209495544,1.3743002414703,1.473965883255,1.4619710445404,1.4717955589294,1.490128993988,1.417778968811,1.3326159715652,1.4381456375122,1.3430324792862,1.4353688955307,1.3266924619675,1.3369839191437,1.4219986200333,1.4612332582474,1.4517662525177,1.3297694921494,1.3623180389404,1.390057682991,1.3855389356613,1.4360626935959,1.3237118721008,1.3659753799438,1.3379977941513,1.3849437236786,1.3490948677063,1.2996487617493,1.2708879709244,1.2552778720856,1.3322440385818,1.3712365627289,1.2603492736816,1.3434586524963,1.2711447477341,1.259015917778,1.2848086357117,1.3379794359207,1.2520532608032,1.3063027858734,1.2892518043518,1.301497220993,1.3248113393784,1.286660194397,1.1780836582184,1.3403452634811,1.2457926273346,1.2811703681946,1.317227602005,1.3977347612381,1.371809720993,1.3409197330475,1.2499846220016,1.2936506271362,1.3432621955872,1.3765352964401,1.3573865890503,1.3015068769455,1.2991168498993,1.3087320327759,1.3649685382843,1.3412202596664,1.4346297979355,1.3140569925308,1.3337280750275,1.3480697870255,1.3630456924438,1.4416462182999,1.4372906684875,1.3278143405914,1.3655397891998,1.3335120677948,1.4613169431686,1.5416039228439,1.2775174379349,1.3461443185806,1.3469408750534,1.3781774044037,1.363520860672,1.2620652914047,1.3004394769669,1.2351452112198,1.2119861841202,1.2948724031448,1.3062143325806,1.2745108604431,1.2506905794144,1.3131241798401,1.3438632488251,1.2858799695969,1.356876373291,1.323998093605,1.3519332408905,1.3268984556198,1.325915813446,1.3929078578949,1.3621683120728,1.3188511133194,1.2480597496033,1.3615223169327,1.2090973854065,1.2098158597946,1.2578963041306,1.2243387699127,1.274104475975,1.2484118938446,1.3530186414719,1.335141658783,1.2405196428299,1.329815864563,1.2874175310135,1.294638633728,1.1872653961182,1.2711772918701,1.2539942264557,1.2854623794556,1.2069424390793,1.2061564922333,1.2204149961472,1.1935592889786,1.2219787836075,1.2611200809479,1.2607908248901,1.3224956989288,1.2743620872498,1.2024917602539,1.2020198106766,1.2083640098572,1.2980154752731,1.2350597381592,1.3435879945755,1.3414533138275,1.2664496898651,1.1684727668762,1.2466876506805,1.291072845459,1.2949632406235,1.196945309639,1.2445394992828,1.1659164428711,1.1937679052353,1.1929632425308,1.1007871627808,1.1896066665649,1.2699792385101,1.18807721138,1.201798915863,1.2116814851761,1.2461398839951,1.2160370349884,1.3094977140427,1.3171412944794,1.1801676750183,1.2982428073883,1.2931143045425,1.2673078775406,1.3329352140427,1.2577053308487,1.1452323198318,1.2509032487869,1.1740516424179,1.2750327587128,1.1861799955368,1.181166768074,1.255654335022,1.2972198724747,1.2957129478455,1.1749351024628,1.1967655420303,1.2350536584854,1.2577639818192,1.2712997198105,1.1683444976807,1.2379219532013,1.1962891817093,1.2530584335327,1.2075808048248,1.161566734314,1.1379828453064,1.117621421814,1.1986998319626,1.2501307725906,1.1066535711288,1.2168592214584,1.1436080932617,1.1425156593323,1.1586608886719,1.2026089429855,1.1287249326706,1.1953092813492,1.1758117675781,1.1829071044922,1.1896861791611,1.1396901607513,1.0581424236298,1.2054730653763,1.1364580392838,1.1590964794159,1.2065378427505,1.2956829071045,1.2718747854233,1.2174204587936,1.150692820549,1.1805164813995,1.2097253799438,1.2668989896774,1.2521954774857,1.1871457099915,1.1981509923935,1.2207460403442,1.2500202655792,1.206530213356,1.3172402381897,1.2203155755997,1.2231540679932,1.2324209213257,1.2449992895126,1.2956404685974,1.3057641983032,1.2068450450897,1.2462911605835,1.2357612848282,1.3498057126999,1.441494345665,1.1664506196976,1.2317885160446,1.2308874130249,1.2623301744461,1.2636975049973,1.1427397727966,1.1849356889725,1.1373878717422,1.1149802207947,1.1655554771423,1.20913875103,1.1661295890808,1.1418972015381,1.204291343689,